[
  {
    "name": "Nguyễn Văn A",
    "mssv": 20020146,
    "birthday": "12/12/2002",
    "country": "Viet Nam"
  },
  {
    "name": "Nguyễn Văn B",
    "mssv": 20020147,
    "birthday": "12/12/2002",
    "country": "Viet Nam"
  },
  {
    "name": "Nguyễn Văn C",
    "mssv": 20020148,
    "birthday": "12/12/2002",
    "country": "Viet Nam"
  },
  {
    "name": "Nguyễn Văn D",
    "mssv": 20020149,
    "birthday": "12/12/2002",
    "country": "Viet Nam"
  },
  {
    "name": "Nguyễn Văn E",
    "mssv": 20020150,
    "birthday": "12/12/2002",
    "country": "Viet Nam"
  },
  {
    "name": "Nguyễn Thị A",
    "mssv": 20020151,
    "birthday": "12/12/2002",
    "country": "Viet Nam"
  },
  {
    "name": "Nguyễn Thị B",
    "mssv": 20020152,
    "birthday": "12/12/2002",
    "country": "Viet Nam"
  },
  {
    "name": "Nguyễn Thị C",
    "mssv": 20020153,
    "birthday": "12/12/2002",
    "country": "Viet Nam"
  },
  {
    "name": "Nguyễn Thị D",
    "mssv": 20020154,
    "birthday": "12/12/2002",
    "country": "Viet Nam"
  },
  {
    "name": "Nguyễn Thị E",
    "mssv": 20020155,
    "birthday": "12/12/2002",
    "country": "Viet Nam"
  }
]
